x-axis,1,2
second,Volt,Ampere
-100.000E-09,+2.539038658E-03,+752.343431E-06
-99.000E-09,+3.515601158E-03,+740.624680E-06
-98.000E-09,+5.468726158E-03,+799.218431E-06
-97.000E-09,+5.468726158E-03,+834.374681E-06
-96.000E-09,+5.468726158E-03,+810.937181E-06
-95.000E-09,+5.468726158E-03,+775.780931E-06
-94.000E-09,+2.539038658E-03,+787.499681E-06
-93.000E-09,+2.539038658E-03,+810.937181E-06
-92.000E-09,+4.492163658E-03,+787.499681E-06
-91.000E-09,+5.468726158E-03,+775.780931E-06
-90.000E-09,+4.492163658E-03,+787.499681E-06
-89.000E-09,+4.492163658E-03,+787.499681E-06
-88.000E-09,+3.515601158E-03,+799.218431E-06
-87.000E-09,+1.562476158E-03,+775.780931E-06
-86.000E-09,+2.539038658E-03,+822.655931E-06
-85.000E-09,+5.468726158E-03,+846.093431E-06
-84.000E-09,+3.515601158E-03,+834.374681E-06
-83.000E-09,+3.515601158E-03,+810.937181E-06
-82.000E-09,+5.468726158E-03,+799.218431E-06
-81.000E-09,+3.515601158E-03,+752.343431E-06
-80.000E-09,+2.539038658E-03,+728.905930E-06
-79.000E-09,+3.515601158E-03,+740.624680E-06
-78.000E-09,+3.515601158E-03,+822.655931E-06
-77.000E-09,+5.468726158E-03,+810.937181E-06
-76.000E-09,+3.515601158E-03,+834.374681E-06
-75.000E-09,+3.515601158E-03,+787.499681E-06
-74.000E-09,+5.468726158E-03,+740.624680E-06
-73.000E-09,+4.492163658E-03,+740.624680E-06
-72.000E-09,+3.515601158E-03,+740.624680E-06
-71.000E-09,+3.515601158E-03,+752.343431E-06
-70.000E-09,+2.539038658E-03,+740.624680E-06
-69.000E-09,+1.562476158E-03,+705.468430E-06
-68.000E-09,+4.492163658E-03,+775.780931E-06
-67.000E-09,+2.539038658E-03,+846.093431E-06
-66.000E-09,+2.539038658E-03,+810.937181E-06
-65.000E-09,+4.492163658E-03,+740.624680E-06
-64.000E-09,+3.515601158E-03,+764.062181E-06
-63.000E-09,+5.468726158E-03,+799.218431E-06
-62.000E-09,+2.539038658E-03,+810.937181E-06
-61.000E-09,+5.468726158E-03,+764.062181E-06
-60.000E-09,+4.492163658E-03,+787.499681E-06
-59.000E-09,+4.492163658E-03,+799.218431E-06
-58.000E-09,+6.445288658E-03,+834.374681E-06
-57.000E-09,+6.445288658E-03,+799.218431E-06
-56.000E-09,+3.515601158E-03,+799.218431E-06
-55.000E-09,+3.515601158E-03,+764.062181E-06
-54.000E-09,+5.468726158E-03,+740.624680E-06
-53.000E-09,+4.492163658E-03,+717.187180E-06
-52.000E-09,+3.515601158E-03,+693.749680E-06
-51.000E-09,+3.515601158E-03,+728.905930E-06
-50.000E-09,+4.492163658E-03,+728.905930E-06
-49.000E-09,+4.492163658E-03,+740.624680E-06
-48.000E-09,+4.492163658E-03,+764.062181E-06
-47.000E-09,+3.515601158E-03,+775.780931E-06
-46.000E-09,+585.913658E-06,+752.343431E-06
-45.000E-09,+3.515601158E-03,+717.187180E-06
-44.000E-09,+2.539038658E-03,+705.468430E-06
-43.000E-09,+3.515601158E-03,+728.905930E-06
-42.000E-09,+6.445288658E-03,+775.780931E-06
-41.000E-09,+5.468726158E-03,+810.937181E-06
-40.000E-09,+3.515601158E-03,+799.218431E-06
-39.000E-09,+3.515601158E-03,+752.343431E-06
-38.000E-09,+4.492163658E-03,+740.624680E-06
-37.000E-09,+4.492163658E-03,+717.187180E-06
-36.000E-09,+5.468726158E-03,+764.062181E-06
-35.000E-09,+4.492163658E-03,+810.937181E-06
-34.000E-09,+2.539038658E-03,+810.937181E-06
-33.000E-09,+5.468726158E-03,+857.812181E-06
-32.000E-09,+3.515601158E-03,+822.655931E-06
-31.000E-09,+3.515601158E-03,+787.499681E-06
-30.000E-09,+3.515601158E-03,+740.624680E-06
-29.000E-09,+4.492163658E-03,+717.187180E-06
-28.000E-09,+4.492163658E-03,+740.624680E-06
-27.000E-09,+4.492163658E-03,+787.499681E-06
-26.000E-09,+5.468726158E-03,+740.624680E-06
-25.000E-09,+5.468726158E-03,+717.187180E-06
-24.000E-09,+3.515601158E-03,+752.343431E-06
-23.000E-09,+2.539038658E-03,+740.624680E-06
-22.000E-09,+4.492163658E-03,+740.624680E-06
-21.000E-09,+3.515601158E-03,+752.343431E-06
-20.000E-09,+3.515601158E-03,+775.780931E-06
-19.000E-09,+4.492163658E-03,+775.780931E-06
-18.000E-09,+6.445288658E-03,+775.780931E-06
-17.000E-09,+4.492163658E-03,+740.624680E-06
-16.000E-09,+5.468726158E-03,+670.312180E-06
-15.000E-09,+4.492163658E-03,+728.905930E-06
-14.000E-09,+3.515601158E-03,+764.062181E-06
-13.000E-09,+5.468726158E-03,+728.905930E-06
-12.000E-09,+3.515601158E-03,+740.624680E-06
-11.000E-09,+2.539038658E-03,+717.187180E-06
-10.000E-09,+4.492163658E-03,+740.624680E-06
-9.000E-09,+3.515601158E-03,+775.780931E-06
-8.000E-09,+4.492163658E-03,+787.499681E-06
-7.000E-09,+2.539038658E-03,+822.655931E-06
-6.000E-09,+2.539038658E-03,+799.218431E-06
-5.000E-09,+2.539038658E-03,+764.062181E-06
-4.000E-09,+3.515601158E-03,+775.780931E-06
-3.000E-09,+3.515601158E-03,+799.218431E-06
-2.000E-09,+4.492163658E-03,+810.937181E-06
-1.000E-09,+3.515601158E-03,+810.937181E-06
-0.0E+00,+3.515601158E-03,+764.062181E-06
+1.000E-09,+3.515601158E-03,+740.624680E-06
+2.000E-09,+2.539038658E-03,+764.062181E-06
+3.000E-09,+4.492163658E-03,+775.780931E-06
+4.000E-09,+3.515601158E-03,+717.187180E-06
+5.000E-09,+2.539038658E-03,+728.905930E-06
+6.000E-09,+6.445288658E-03,+728.905930E-06
+7.000E-09,+3.515601158E-03,+752.343431E-06
+8.000E-09,+3.515601158E-03,+764.062181E-06
+9.000E-09,+3.515601158E-03,+787.499681E-06
+10.000E-09,+4.492163658E-03,+846.093431E-06
+11.000E-09,+5.468726158E-03,+810.937181E-06
+12.000E-09,+2.539038658E-03,+810.937181E-06
+13.000E-09,+5.468726158E-03,+857.812181E-06
+14.000E-09,+4.492163658E-03,+892.968432E-06
+15.000E-09,+1.562476158E-03,+869.530932E-06
+16.000E-09,+5.468726158E-03,+857.812181E-06
+17.000E-09,+5.468726158E-03,+822.655931E-06
+18.000E-09,+4.492163658E-03,+822.655931E-06
+19.000E-09,+5.468726158E-03,+787.499681E-06
+20.000E-09,+6.445288658E-03,+822.655931E-06
+21.000E-09,+5.468726158E-03,+810.937181E-06
+22.000E-09,+6.445288658E-03,+810.937181E-06
+23.000E-09,+7.421851158E-03,+775.780931E-06
+24.000E-09,+5.468726158E-03,+810.937181E-06
+25.000E-09,+5.468726158E-03,+881.249682E-06
+26.000E-09,+9.374976158E-03,+892.968432E-06
+27.000E-09,+7.421851158E-03,+869.530932E-06
+28.000E-09,+6.445288658E-03,+904.687182E-06
+29.000E-09,+6.445288658E-03,+869.530932E-06
+30.000E-09,+6.445288658E-03,+881.249682E-06
+31.000E-09,+6.445288658E-03,+892.968432E-06
+32.000E-09,+7.421851158E-03,+881.249682E-06
+33.000E-09,+6.445288658E-03,+822.655931E-06
+34.000E-09,+6.445288658E-03,+810.937181E-06
+35.000E-09,+8.398413658E-03,+810.937181E-06
+36.000E-09,+7.421851158E-03,+810.937181E-06
+37.000E-09,+6.445288658E-03,+822.655931E-06
+38.000E-09,+3.515601158E-03,+799.218431E-06
+39.000E-09,+1.562476158E-03,+693.749680E-06
+40.000E-09,-4.296898842E-03,+611.718429E-06
+41.000E-09,-7.226586342E-03,+564.843429E-06
+42.000E-09,-12.109398842E-03,+588.280929E-06
+43.000E-09,-18.945336342E-03,+553.124679E-06
+44.000E-09,-36.523461342E-03,+365.624677E-06
+45.000E-09,-74.609398842E-03,-79.687827E-06
+46.000E-09,-137.109398842E-03,-712.500332E-06
+47.000E-09,-225.000023842E-03,-1.509375339E-03
+48.000E-09,-334.375023842E-03,-2.364844097E-03
+49.000E-09,-460.351586342E-03,-3.243750354E-03
+50.000E-09,-588.281273842E-03,-4.192969112E-03
+51.000E-09,-701.562523842E-03,-5.036719120E-03
+52.000E-09,-791.406273842E-03,-5.575781624E-03
+53.000E-09,-838.281273842E-03,-5.903906627E-03
+54.000E-09,-843.164086342E-03,-6.290625381E-03
+55.000E-09,-816.796898842E-03,-6.923437886E-03
+56.000E-09,-752.343773842E-03,-7.638281642E-03
+57.000E-09,-667.382836342E-03,-8.224219147E-03
+58.000E-09,-574.609398842E-03,-8.692969152E-03
+59.000E-09,-484.765648842E-03,-9.067969155E-03
+60.000E-09,-393.945336342E-03,-9.396094158E-03
+61.000E-09,-313.867211342E-03,-9.372656657E-03
+62.000E-09,-255.273461342E-03,-8.845312903E-03
+63.000E-09,-219.140648842E-03,-7.896094145E-03
+64.000E-09,-192.773461342E-03,-6.771094135E-03
+65.000E-09,-166.406273842E-03,-5.517187874E-03
+66.000E-09,-129.296898842E-03,-4.216406613E-03
+67.000E-09,-91.210961342E-03,-3.079687853E-03
+68.000E-09,-54.101586342E-03,-2.259375346E-03
+69.000E-09,-25.781273842E-03,-1.919531593E-03
+70.000E-09,-5.273461342E-03,-1.814062842E-03
+71.000E-09,+9.374976158E-03,-1.919531593E-03
+72.000E-09,+17.187476158E-03,-2.118750344E-03
+73.000E-09,+23.046851158E-03,-2.505469098E-03
+74.000E-09,+24.999976158E-03,-2.939062852E-03
+75.000E-09,+24.999976158E-03,-3.337500355E-03
+76.000E-09,+21.093726158E-03,-3.689062858E-03
+77.000E-09,+21.093726158E-03,-4.122656612E-03
+78.000E-09,+24.023413658E-03,-4.755469117E-03
+79.000E-09,+31.835913658E-03,-5.271094122E-03
+80.000E-09,+42.578101158E-03,-5.610937875E-03
+81.000E-09,+47.460913658E-03,-5.634375375E-03
+82.000E-09,+55.273413658E-03,-5.587500375E-03
+83.000E-09,+55.273413658E-03,-5.423437873E-03
+84.000E-09,+50.390601158E-03,-5.118750370E-03
+85.000E-09,+40.624976158E-03,-4.626562866E-03
+86.000E-09,+30.859351158E-03,-3.935156610E-03
+87.000E-09,+17.187476158E-03,-3.325781605E-03
+88.000E-09,+6.445288658E-03,-2.857031601E-03
+89.000E-09,-1.367211342E-03,-2.435156597E-03
+90.000E-09,-4.296898842E-03,-2.153906595E-03
+91.000E-09,+1.562476158E-03,-2.025000344E-03
+92.000E-09,+7.421851158E-03,-2.083594094E-03
+93.000E-09,+13.281226158E-03,-2.200781595E-03
+94.000E-09,+15.234351158E-03,-2.364844097E-03
+95.000E-09,+19.140601158E-03,-2.564062848E-03
+96.000E-09,+20.117163658E-03,-2.821875350E-03
+97.000E-09,+17.187476158E-03,-3.103125353E-03
+98.000E-09,+9.374976158E-03,-3.372656605E-03
+99.000E-09,-390.648842E-06,-3.583594107E-03
+100.000E-09,-10.156273842E-03,-3.677344108E-03
+101.000E-09,-20.898461342E-03,-3.712500358E-03
+102.000E-09,-29.687523842E-03,-3.642187858E-03
+103.000E-09,-35.546898842E-03,-3.560156607E-03
+104.000E-09,-39.453148842E-03,-3.431250356E-03
+105.000E-09,-36.523461342E-03,-3.173437854E-03
+106.000E-09,-31.640648842E-03,-2.821875350E-03
+107.000E-09,-26.757836342E-03,-2.470312847E-03
+108.000E-09,-21.875023842E-03,-2.153906595E-03
+109.000E-09,-13.085961342E-03,-1.825781592E-03
+110.000E-09,-10.156273842E-03,-1.509375339E-03
+111.000E-09,-11.132836342E-03,-1.333594088E-03
+112.000E-09,-12.109398842E-03,-1.321875337E-03
+113.000E-09,-15.039086342E-03,-1.415625338E-03
+114.000E-09,-16.015648842E-03,-1.556250339E-03
+115.000E-09,-20.898461342E-03,-1.732031591E-03
+116.000E-09,-23.828148842E-03,-1.919531593E-03
+117.000E-09,-26.757836342E-03,-2.177344095E-03
+118.000E-09,-24.804711342E-03,-2.376562847E-03
+119.000E-09,-20.898461342E-03,-2.505469098E-03
+120.000E-09,-19.921898842E-03,-2.564062848E-03
+121.000E-09,-16.015648842E-03,-2.552344098E-03
+122.000E-09,-11.132836342E-03,-2.446875347E-03
+123.000E-09,-7.226586342E-03,-2.364844097E-03
+124.000E-09,-2.343773842E-03,-2.235937845E-03
+125.000E-09,+1.562476158E-03,-2.083594094E-03
+126.000E-09,+585.913658E-06,-1.954687843E-03
+127.000E-09,+585.913658E-06,-1.767187841E-03
+128.000E-09,-2.343773842E-03,-1.626562840E-03
+129.000E-09,-1.367211342E-03,-1.521094089E-03
+130.000E-09,-2.343773842E-03,-1.485937839E-03
+131.000E-09,-1.367211342E-03,-1.485937839E-03
+132.000E-09,-390.648842E-06,-1.474219089E-03
+133.000E-09,-1.367211342E-03,-1.497656589E-03
+134.000E-09,-390.648842E-06,-1.521094089E-03
+135.000E-09,-1.367211342E-03,-1.614844090E-03
+136.000E-09,-390.648842E-06,-1.732031591E-03
+137.000E-09,-390.648842E-06,-1.814062842E-03
+138.000E-09,+585.913658E-06,-1.849219092E-03
+139.000E-09,-390.648842E-06,-1.872656592E-03
+140.000E-09,-3.320336342E-03,-1.896094092E-03
+141.000E-09,-4.296898842E-03,-1.919531593E-03
+142.000E-09,-7.226586342E-03,-1.884375342E-03
+143.000E-09,-8.203148842E-03,-1.743750341E-03
+144.000E-09,-12.109398842E-03,-1.591406590E-03
+145.000E-09,-13.085961342E-03,-1.485937839E-03
+146.000E-09,-16.992211342E-03,-1.310156587E-03
+147.000E-09,-18.945336342E-03,-1.204687836E-03
+148.000E-09,-17.968773842E-03,-1.110937836E-03
+149.000E-09,-18.945336342E-03,-993.750335E-06
+150.000E-09,-15.039086342E-03,-935.156584E-06
+151.000E-09,-13.085961342E-03,-876.562834E-06
+152.000E-09,-12.109398842E-03,-923.437834E-06
+153.000E-09,-13.085961342E-03,-923.437834E-06
+154.000E-09,-13.085961342E-03,-958.594084E-06
+155.000E-09,-11.132836342E-03,-1.005469085E-03
+156.000E-09,-9.179711342E-03,-1.064062835E-03
+157.000E-09,-10.156273842E-03,-1.087500335E-03
+158.000E-09,-10.156273842E-03,-1.110937836E-03
+159.000E-09,-7.226586342E-03,-1.134375336E-03
+160.000E-09,-7.226586342E-03,-1.146094086E-03
+161.000E-09,-6.250023842E-03,-1.110937836E-03
+162.000E-09,-5.273461342E-03,-1.052344085E-03
+163.000E-09,-4.296898842E-03,-1.052344085E-03
+164.000E-09,-2.343773842E-03,-1.028906585E-03
+165.000E-09,-390.648842E-06,-958.594084E-06
+166.000E-09,-390.648842E-06,-911.719084E-06
+167.000E-09,+585.913658E-06,-888.281584E-06
+168.000E-09,-390.648842E-06,-817.969083E-06
+169.000E-09,+585.913658E-06,-794.531583E-06
+170.000E-09,-390.648842E-06,-782.812833E-06
+171.000E-09,+585.913658E-06,-817.969083E-06
+172.000E-09,+1.562476158E-03,-829.687833E-06
+173.000E-09,+585.913658E-06,-817.969083E-06
+174.000E-09,+1.562476158E-03,-841.406583E-06
+175.000E-09,-390.648842E-06,-900.000334E-06
+176.000E-09,-1.367211342E-03,-888.281584E-06
+177.000E-09,-3.320336342E-03,-911.719084E-06
+178.000E-09,-2.343773842E-03,-946.875334E-06
+179.000E-09,-1.367211342E-03,-888.281584E-06
+180.000E-09,-3.320336342E-03,-864.844083E-06
+181.000E-09,-3.320336342E-03,-794.531583E-06
+182.000E-09,-6.250023842E-03,-724.219082E-06
+183.000E-09,-8.203148842E-03,-712.500332E-06
+184.000E-09,-8.203148842E-03,-700.781582E-06
+185.000E-09,-8.203148842E-03,-642.187832E-06
+186.000E-09,-10.156273842E-03,-571.875331E-06
+187.000E-09,-10.156273842E-03,-501.562830E-06
+188.000E-09,-9.179711342E-03,-407.812830E-06
+189.000E-09,-10.156273842E-03,-372.656579E-06
+190.000E-09,-9.179711342E-03,-337.500329E-06
+191.000E-09,-10.156273842E-03,-314.062829E-06
+192.000E-09,-9.179711342E-03,-290.625328E-06
+193.000E-09,-9.179711342E-03,-314.062829E-06
+194.000E-09,-10.156273842E-03,-360.937829E-06
+195.000E-09,-10.156273842E-03,-302.344079E-06
+196.000E-09,-8.203148842E-03,-302.344079E-06
+197.000E-09,-7.226586342E-03,-337.500329E-06
+198.000E-09,-4.296898842E-03,-372.656579E-06
+199.000E-09,-6.250023842E-03,-349.219079E-06
+200.000E-09,-5.273461342E-03,-325.781579E-06
+201.000E-09,-4.296898842E-03,-337.500329E-06
+202.000E-09,-3.320336342E-03,-407.812830E-06
+203.000E-09,-390.648842E-06,-454.687830E-06
+204.000E-09,+585.913658E-06,-407.812830E-06
+205.000E-09,+3.515601158E-03,-360.937829E-06
+206.000E-09,+2.539038658E-03,-290.625328E-06
+207.000E-09,+585.913658E-06,-220.312828E-06
+208.000E-09,-390.648842E-06,-220.312828E-06
+209.000E-09,-1.367211342E-03,-255.469078E-06
+210.000E-09,-2.343773842E-03,-349.219079E-06
+211.000E-09,-1.367211342E-03,-396.094079E-06
+212.000E-09,-390.648842E-06,-360.937829E-06
+213.000E-09,-3.320336342E-03,-302.344079E-06
+214.000E-09,-1.367211342E-03,-255.469078E-06
+215.000E-09,-3.320336342E-03,-255.469078E-06
+216.000E-09,-390.648842E-06,-232.031578E-06
+217.000E-09,-2.343773842E-03,-208.594078E-06
+218.000E-09,-3.320336342E-03,-232.031578E-06
+219.000E-09,-2.343773842E-03,-196.875328E-06
+220.000E-09,-1.367211342E-03,-243.750328E-06
+221.000E-09,-1.367211342E-03,-290.625328E-06
+222.000E-09,-1.367211342E-03,-243.750328E-06
+223.000E-09,-5.273461342E-03,-196.875328E-06
+224.000E-09,-5.273461342E-03,-150.000327E-06
+225.000E-09,-9.179711342E-03,-138.281577E-06
+226.000E-09,-10.156273842E-03,-67.969077E-06
+227.000E-09,-13.085961342E-03,-56.250326E-06
+228.000E-09,-11.132836342E-03,-32.812826E-06
+229.000E-09,-8.203148842E-03,+2.343424E-06
+230.000E-09,-9.179711342E-03,+84.374675E-06
+231.000E-09,-9.179711342E-03,+119.530925E-06
+232.000E-09,-7.226586342E-03,+96.093425E-06
+233.000E-09,-7.226586342E-03,+84.374675E-06
+234.000E-09,-5.273461342E-03,+49.218424E-06
+235.000E-09,-5.273461342E-03,+14.062174E-06
+236.000E-09,-6.250023842E-03,+25.780924E-06
+237.000E-09,-6.250023842E-03,+25.780924E-06
+238.000E-09,-7.226586342E-03,+25.780924E-06
+239.000E-09,-4.296898842E-03,+49.218424E-06
+240.000E-09,-5.273461342E-03,+60.937175E-06
+241.000E-09,-3.320336342E-03,+84.374675E-06
+242.000E-09,-3.320336342E-03,+72.655925E-06
+243.000E-09,-390.648842E-06,+60.937175E-06
+244.000E-09,-390.648842E-06,+84.374675E-06
+245.000E-09,+585.913658E-06,+2.343424E-06
+246.000E-09,+4.492163658E-03,+14.062174E-06
+247.000E-09,+4.492163658E-03,+25.780924E-06
+248.000E-09,+3.515601158E-03,+49.218424E-06
+249.000E-09,+1.562476158E-03,+25.780924E-06
+250.000E-09,+3.515601158E-03,+2.343424E-06
+251.000E-09,+1.562476158E-03,-44.531576E-06
+252.000E-09,+2.539038658E-03,-44.531576E-06
+253.000E-09,+585.913658E-06,-21.094076E-06
+254.000E-09,+1.562476158E-03,-32.812826E-06
+255.000E-09,-390.648842E-06,-32.812826E-06
+256.000E-09,-1.367211342E-03,-21.094076E-06
+257.000E-09,-3.320336342E-03,+2.343424E-06
+258.000E-09,-4.296898842E-03,+49.218424E-06
+259.000E-09,-3.320336342E-03,+60.937175E-06
+260.000E-09,-2.343773842E-03,+119.530925E-06
+261.000E-09,-5.273461342E-03,+178.124676E-06
+262.000E-09,-4.296898842E-03,+201.562176E-06
+263.000E-09,-6.250023842E-03,+213.280926E-06
+264.000E-09,-4.296898842E-03,+248.437176E-06
+265.000E-09,-7.226586342E-03,+260.155926E-06
+266.000E-09,-5.273461342E-03,+295.312177E-06
+267.000E-09,-7.226586342E-03,+295.312177E-06
+268.000E-09,-8.203148842E-03,+283.593427E-06
+269.000E-09,-7.226586342E-03,+271.874676E-06
+270.000E-09,-7.226586342E-03,+295.312177E-06
+271.000E-09,-6.250023842E-03,+283.593427E-06
+272.000E-09,-8.203148842E-03,+283.593427E-06
+273.000E-09,-6.250023842E-03,+283.593427E-06
+274.000E-09,-5.273461342E-03,+295.312177E-06
+275.000E-09,-3.320336342E-03,+283.593427E-06
+276.000E-09,-3.320336342E-03,+307.030927E-06
+277.000E-09,-4.296898842E-03,+318.749677E-06
+278.000E-09,-4.296898842E-03,+295.312177E-06
+279.000E-09,-1.367211342E-03,+307.030927E-06
+280.000E-09,-1.367211342E-03,+271.874676E-06
+281.000E-09,-1.367211342E-03,+283.593427E-06
+282.000E-09,-390.648842E-06,+248.437176E-06
+283.000E-09,+585.913658E-06,+260.155926E-06
+284.000E-09,+1.562476158E-03,+295.312177E-06
+285.000E-09,+1.562476158E-03,+283.593427E-06
+286.000E-09,+2.539038658E-03,+271.874676E-06
+287.000E-09,+1.562476158E-03,+236.718426E-06
+288.000E-09,+1.562476158E-03,+248.437176E-06
+289.000E-09,+1.562476158E-03,+260.155926E-06
+290.000E-09,+585.913658E-06,+224.999676E-06
+291.000E-09,+2.539038658E-03,+189.843426E-06
+292.000E-09,+1.562476158E-03,+178.124676E-06
+293.000E-09,+2.539038658E-03,+178.124676E-06
+294.000E-09,-390.648842E-06,+213.280926E-06
+295.000E-09,-390.648842E-06,+248.437176E-06
+296.000E-09,+585.913658E-06,+248.437176E-06
+297.000E-09,-1.367211342E-03,+271.874676E-06
+298.000E-09,-2.343773842E-03,+260.155926E-06
+299.000E-09,-6.250023842E-03,+283.593427E-06
+300.000E-09,-1.367211342E-03,+330.468427E-06
+301.000E-09,-1.367211342E-03,+307.030927E-06
+302.000E-09,-4.296898842E-03,+271.874676E-06
+303.000E-09,-3.320336342E-03,+271.874676E-06
+304.000E-09,-3.320336342E-03,+271.874676E-06
+305.000E-09,-3.320336342E-03,+307.030927E-06
+306.000E-09,-4.296898842E-03,+342.187177E-06
+307.000E-09,-6.250023842E-03,+342.187177E-06
+308.000E-09,-6.250023842E-03,+389.062177E-06
+309.000E-09,-5.273461342E-03,+377.343427E-06
+310.000E-09,-6.250023842E-03,+389.062177E-06
+311.000E-09,-5.273461342E-03,+353.905927E-06
+312.000E-09,-5.273461342E-03,+353.905927E-06
+313.000E-09,-2.343773842E-03,+400.780928E-06
+314.000E-09,-4.296898842E-03,+412.499678E-06
+315.000E-09,-2.343773842E-03,+424.218428E-06
+316.000E-09,-1.367211342E-03,+459.374678E-06
+317.000E-09,-1.367211342E-03,+459.374678E-06
+318.000E-09,-2.343773842E-03,+424.218428E-06
+319.000E-09,-2.343773842E-03,+435.937178E-06
+320.000E-09,-2.343773842E-03,+424.218428E-06
+321.000E-09,-1.367211342E-03,+424.218428E-06
+322.000E-09,+585.913658E-06,+447.655928E-06
+323.000E-09,+585.913658E-06,+400.780928E-06
+324.000E-09,+585.913658E-06,+400.780928E-06
+325.000E-09,+1.562476158E-03,+365.624677E-06
+326.000E-09,+2.539038658E-03,+365.624677E-06
+327.000E-09,+2.539038658E-03,+365.624677E-06
+328.000E-09,+1.562476158E-03,+353.905927E-06
+329.000E-09,+1.562476158E-03,+318.749677E-06
+330.000E-09,+1.562476158E-03,+330.468427E-06
+331.000E-09,+2.539038658E-03,+330.468427E-06
+332.000E-09,+1.562476158E-03,+365.624677E-06
+333.000E-09,+1.562476158E-03,+365.624677E-06
+334.000E-09,+2.539038658E-03,+377.343427E-06
+335.000E-09,-390.648842E-06,+412.499678E-06
+336.000E-09,-1.367211342E-03,+365.624677E-06
+337.000E-09,-390.648842E-06,+412.499678E-06
+338.000E-09,-1.367211342E-03,+424.218428E-06
+339.000E-09,-1.367211342E-03,+424.218428E-06
+340.000E-09,-2.343773842E-03,+517.968429E-06
+341.000E-09,-1.367211342E-03,+506.249678E-06
+342.000E-09,-390.648842E-06,+529.687179E-06
+343.000E-09,+585.913658E-06,+541.405929E-06
+344.000E-09,+1.562476158E-03,+541.405929E-06
+345.000E-09,-2.343773842E-03,+541.405929E-06
+346.000E-09,-2.343773842E-03,+553.124679E-06
+347.000E-09,-2.343773842E-03,+541.405929E-06
+348.000E-09,-1.367211342E-03,+517.968429E-06
+349.000E-09,-1.367211342E-03,+482.812178E-06
+350.000E-09,-2.343773842E-03,+482.812178E-06
+351.000E-09,-2.343773842E-03,+459.374678E-06
+352.000E-09,-2.343773842E-03,+459.374678E-06
+353.000E-09,-2.343773842E-03,+506.249678E-06
+354.000E-09,-3.320336342E-03,+494.530928E-06
+355.000E-09,-1.367211342E-03,+482.812178E-06
+356.000E-09,-1.367211342E-03,+471.093428E-06
+357.000E-09,-390.648842E-06,+494.530928E-06
+358.000E-09,+585.913658E-06,+494.530928E-06
+359.000E-09,+585.913658E-06,+517.968429E-06
+360.000E-09,+1.562476158E-03,+494.530928E-06
+361.000E-09,+1.562476158E-03,+459.374678E-06
+362.000E-09,+585.913658E-06,+494.530928E-06
+363.000E-09,+585.913658E-06,+517.968429E-06
+364.000E-09,+2.539038658E-03,+517.968429E-06
+365.000E-09,+2.539038658E-03,+553.124679E-06
+366.000E-09,+3.515601158E-03,+611.718429E-06
+367.000E-09,+2.539038658E-03,+611.718429E-06
+368.000E-09,-390.648842E-06,+529.687179E-06
+369.000E-09,+2.539038658E-03,+482.812178E-06
+370.000E-09,+585.913658E-06,+482.812178E-06
+371.000E-09,+585.913658E-06,+471.093428E-06
+372.000E-09,+1.562476158E-03,+471.093428E-06
+373.000E-09,+1.562476158E-03,+435.937178E-06
+374.000E-09,-390.648842E-06,+459.374678E-06
+375.000E-09,+1.562476158E-03,+517.968429E-06
+376.000E-09,-390.648842E-06,+529.687179E-06
+377.000E-09,-2.343773842E-03,+529.687179E-06
+378.000E-09,-3.320336342E-03,+576.562179E-06
+379.000E-09,-390.648842E-06,+553.124679E-06
+380.000E-09,-1.367211342E-03,+553.124679E-06
+381.000E-09,-2.343773842E-03,+576.562179E-06
+382.000E-09,+585.913658E-06,+623.437179E-06
+383.000E-09,-390.648842E-06,+646.874680E-06
+384.000E-09,+585.913658E-06,+635.155930E-06
+385.000E-09,-2.343773842E-03,+599.999679E-06
+386.000E-09,-2.343773842E-03,+623.437179E-06
+387.000E-09,-1.367211342E-03,+576.562179E-06
+388.000E-09,-390.648842E-06,+576.562179E-06
+389.000E-09,-2.343773842E-03,+599.999679E-06
+390.000E-09,-390.648842E-06,+635.155930E-06
+391.000E-09,-2.343773842E-03,+658.593430E-06
+392.000E-09,-2.343773842E-03,+646.874680E-06
+393.000E-09,-2.343773842E-03,+658.593430E-06
+394.000E-09,-2.343773842E-03,+646.874680E-06
+395.000E-09,-390.648842E-06,+611.718429E-06
+396.000E-09,+585.913658E-06,+588.280929E-06
+397.000E-09,+2.539038658E-03,+611.718429E-06
+398.000E-09,+2.539038658E-03,+611.718429E-06
+399.000E-09,+585.913658E-06,+646.874680E-06
+400.000E-09,+2.539038658E-03,+623.437179E-06
+401.000E-09,+1.562476158E-03,+611.718429E-06
+402.000E-09,+1.562476158E-03,+658.593430E-06
+403.000E-09,+2.539038658E-03,+635.155930E-06
+404.000E-09,+585.913658E-06,+564.843429E-06
+405.000E-09,+3.515601158E-03,+576.562179E-06
+406.000E-09,+3.515601158E-03,+599.999679E-06
+407.000E-09,+3.515601158E-03,+564.843429E-06
+408.000E-09,+2.539038658E-03,+541.405929E-06
+409.000E-09,+1.562476158E-03,+564.843429E-06
+410.000E-09,+2.539038658E-03,+599.999679E-06
+411.000E-09,+2.539038658E-03,+576.562179E-06
+412.000E-09,+2.539038658E-03,+541.405929E-06
+413.000E-09,-1.367211342E-03,+576.562179E-06
+414.000E-09,+585.913658E-06,+588.280929E-06
+415.000E-09,+585.913658E-06,+588.280929E-06
+416.000E-09,-390.648842E-06,+611.718429E-06
+417.000E-09,-1.367211342E-03,+646.874680E-06
+418.000E-09,-1.367211342E-03,+682.030930E-06
+419.000E-09,+1.562476158E-03,+670.312180E-06
+420.000E-09,-390.648842E-06,+646.874680E-06
+421.000E-09,-1.367211342E-03,+599.999679E-06
+422.000E-09,-390.648842E-06,+646.874680E-06
+423.000E-09,+585.913658E-06,+646.874680E-06
+424.000E-09,-2.343773842E-03,+623.437179E-06
+425.000E-09,-1.367211342E-03,+623.437179E-06
+426.000E-09,+585.913658E-06,+635.155930E-06
+427.000E-09,+1.562476158E-03,+646.874680E-06
+428.000E-09,+1.562476158E-03,+682.030930E-06
+429.000E-09,-390.648842E-06,+658.593430E-06
+430.000E-09,+1.562476158E-03,+682.030930E-06
+431.000E-09,-2.343773842E-03,+635.155930E-06
+432.000E-09,-390.648842E-06,+611.718429E-06
+433.000E-09,-1.367211342E-03,+611.718429E-06
+434.000E-09,-390.648842E-06,+588.280929E-06
+435.000E-09,-390.648842E-06,+599.999679E-06
+436.000E-09,+3.515601158E-03,+611.718429E-06
+437.000E-09,+585.913658E-06,+646.874680E-06
+438.000E-09,+1.562476158E-03,+717.187180E-06
+439.000E-09,+2.539038658E-03,+740.624680E-06
+440.000E-09,+1.562476158E-03,+728.905930E-06
+441.000E-09,+585.913658E-06,+717.187180E-06
+442.000E-09,+2.539038658E-03,+752.343431E-06
+443.000E-09,+2.539038658E-03,+728.905930E-06
+444.000E-09,+3.515601158E-03,+682.030930E-06
+445.000E-09,+4.492163658E-03,+658.593430E-06
+446.000E-09,+4.492163658E-03,+682.030930E-06
+447.000E-09,+3.515601158E-03,+658.593430E-06
+448.000E-09,+2.539038658E-03,+658.593430E-06
+449.000E-09,+585.913658E-06,+635.155930E-06
+450.000E-09,+1.562476158E-03,+646.874680E-06
+451.000E-09,-2.343773842E-03,+599.999679E-06
+452.000E-09,+585.913658E-06,+599.999679E-06
+453.000E-09,-1.367211342E-03,+599.999679E-06
+454.000E-09,-1.367211342E-03,+635.155930E-06
+455.000E-09,-390.648842E-06,+670.312180E-06
+456.000E-09,-390.648842E-06,+646.874680E-06
+457.000E-09,+1.562476158E-03,+646.874680E-06
+458.000E-09,+585.913658E-06,+646.874680E-06
+459.000E-09,+585.913658E-06,+693.749680E-06
+460.000E-09,-390.648842E-06,+717.187180E-06
+461.000E-09,-1.367211342E-03,+646.874680E-06
+462.000E-09,-1.367211342E-03,+646.874680E-06
+463.000E-09,+585.913658E-06,+740.624680E-06
+464.000E-09,-390.648842E-06,+740.624680E-06
+465.000E-09,-1.367211342E-03,+740.624680E-06
+466.000E-09,-2.343773842E-03,+764.062181E-06
+467.000E-09,-1.367211342E-03,+799.218431E-06
+468.000E-09,-390.648842E-06,+834.374681E-06
+469.000E-09,-1.367211342E-03,+834.374681E-06
+470.000E-09,-390.648842E-06,+892.968432E-06
+471.000E-09,+585.913658E-06,+822.655931E-06
+472.000E-09,+585.913658E-06,+787.499681E-06
+473.000E-09,+1.562476158E-03,+764.062181E-06
+474.000E-09,+2.539038658E-03,+740.624680E-06
+475.000E-09,+3.515601158E-03,+717.187180E-06
+476.000E-09,+2.539038658E-03,+705.468430E-06
+477.000E-09,+2.539038658E-03,+717.187180E-06
+478.000E-09,+2.539038658E-03,+682.030930E-06
+479.000E-09,+1.562476158E-03,+705.468430E-06
+480.000E-09,+1.562476158E-03,+693.749680E-06
+481.000E-09,+2.539038658E-03,+682.030930E-06
+482.000E-09,+585.913658E-06,+670.312180E-06
+483.000E-09,+3.515601158E-03,+646.874680E-06
+484.000E-09,+3.515601158E-03,+682.030930E-06
+485.000E-09,+4.492163658E-03,+670.312180E-06
+486.000E-09,+4.492163658E-03,+623.437179E-06
+487.000E-09,+2.539038658E-03,+623.437179E-06
+488.000E-09,+2.539038658E-03,+623.437179E-06
+489.000E-09,+2.539038658E-03,+658.593430E-06
+490.000E-09,+1.562476158E-03,+705.468430E-06
+491.000E-09,+1.562476158E-03,+728.905930E-06
+492.000E-09,+1.562476158E-03,+717.187180E-06
+493.000E-09,+2.539038658E-03,+740.624680E-06
+494.000E-09,+585.913658E-06,+705.468430E-06
+495.000E-09,-390.648842E-06,+705.468430E-06
+496.000E-09,-390.648842E-06,+693.749680E-06
+497.000E-09,+585.913658E-06,+705.468430E-06
+498.000E-09,-390.648842E-06,+717.187180E-06
+499.000E-09,-390.648842E-06,+670.312180E-06
+500.000E-09,+2.539038658E-03,+658.593430E-06
+501.000E-09,+1.562476158E-03,+670.312180E-06
+502.000E-09,+1.562476158E-03,+682.030930E-06
+503.000E-09,+2.539038658E-03,+682.030930E-06
+504.000E-09,+585.913658E-06,+717.187180E-06
+505.000E-09,+1.562476158E-03,+775.780931E-06
+506.000E-09,+585.913658E-06,+787.499681E-06
+507.000E-09,+1.562476158E-03,+799.218431E-06
+508.000E-09,+2.539038658E-03,+799.218431E-06
+509.000E-09,+3.515601158E-03,+799.218431E-06
+510.000E-09,+3.515601158E-03,+752.343431E-06
+511.000E-09,+1.562476158E-03,+764.062181E-06
+512.000E-09,+585.913658E-06,+693.749680E-06
+513.000E-09,+585.913658E-06,+682.030930E-06
+514.000E-09,-1.367211342E-03,+717.187180E-06
+515.000E-09,-390.648842E-06,+752.343431E-06
+516.000E-09,+2.539038658E-03,+775.780931E-06
+517.000E-09,+1.562476158E-03,+799.218431E-06
+518.000E-09,+2.539038658E-03,+775.780931E-06
+519.000E-09,+1.562476158E-03,+740.624680E-06
+520.000E-09,+2.539038658E-03,+693.749680E-06
+521.000E-09,+4.492163658E-03,+670.312180E-06
+522.000E-09,+1.562476158E-03,+682.030930E-06
+523.000E-09,+2.539038658E-03,+752.343431E-06
+524.000E-09,+4.492163658E-03,+764.062181E-06
+525.000E-09,+3.515601158E-03,+728.905930E-06
+526.000E-09,+3.515601158E-03,+682.030930E-06
+527.000E-09,+4.492163658E-03,+682.030930E-06
+528.000E-09,+3.515601158E-03,+646.874680E-06
+529.000E-09,+2.539038658E-03,+588.280929E-06
+530.000E-09,+585.913658E-06,+599.999679E-06
+531.000E-09,+3.515601158E-03,+635.155930E-06
+532.000E-09,+2.539038658E-03,+670.312180E-06
+533.000E-09,+1.562476158E-03,+693.749680E-06
+534.000E-09,+1.562476158E-03,+728.905930E-06
+535.000E-09,-390.648842E-06,+705.468430E-06
+536.000E-09,+585.913658E-06,+728.905930E-06
+537.000E-09,-390.648842E-06,+740.624680E-06
+538.000E-09,-390.648842E-06,+810.937181E-06
+539.000E-09,+585.913658E-06,+775.780931E-06
+540.000E-09,+585.913658E-06,+717.187180E-06
+541.000E-09,+585.913658E-06,+740.624680E-06
+542.000E-09,+3.515601158E-03,+764.062181E-06
+543.000E-09,+1.562476158E-03,+787.499681E-06
+544.000E-09,+1.562476158E-03,+775.780931E-06
+545.000E-09,+1.562476158E-03,+728.905930E-06
+546.000E-09,+1.562476158E-03,+717.187180E-06
+547.000E-09,+3.515601158E-03,+728.905930E-06
+548.000E-09,+585.913658E-06,+717.187180E-06
+549.000E-09,+2.539038658E-03,+775.780931E-06
+550.000E-09,+4.492163658E-03,+764.062181E-06
+551.000E-09,+2.539038658E-03,+717.187180E-06
+552.000E-09,+2.539038658E-03,+682.030930E-06
+553.000E-09,+1.562476158E-03,+670.312180E-06
+554.000E-09,+1.562476158E-03,+705.468430E-06
+555.000E-09,+1.562476158E-03,+693.749680E-06
+556.000E-09,+1.562476158E-03,+682.030930E-06
+557.000E-09,+1.562476158E-03,+717.187180E-06
+558.000E-09,+4.492163658E-03,+752.343431E-06
+559.000E-09,+2.539038658E-03,+775.780931E-06
+560.000E-09,+2.539038658E-03,+764.062181E-06
+561.000E-09,+585.913658E-06,+787.499681E-06
+562.000E-09,+2.539038658E-03,+799.218431E-06
+563.000E-09,+3.515601158E-03,+752.343431E-06
+564.000E-09,+3.515601158E-03,+705.468430E-06
+565.000E-09,+2.539038658E-03,+717.187180E-06
+566.000E-09,+4.492163658E-03,+787.499681E-06
+567.000E-09,+1.562476158E-03,+810.937181E-06
+568.000E-09,+2.539038658E-03,+834.374681E-06
+569.000E-09,-390.648842E-06,+810.937181E-06
+570.000E-09,-390.648842E-06,+799.218431E-06
+571.000E-09,+2.539038658E-03,+764.062181E-06
+572.000E-09,+2.539038658E-03,+717.187180E-06
+573.000E-09,+585.913658E-06,+670.312180E-06
+574.000E-09,+1.562476158E-03,+740.624680E-06
+575.000E-09,+585.913658E-06,+764.062181E-06
+576.000E-09,+585.913658E-06,+764.062181E-06
+577.000E-09,-390.648842E-06,+799.218431E-06
+578.000E-09,+585.913658E-06,+810.937181E-06
+579.000E-09,+585.913658E-06,+869.530932E-06
+580.000E-09,+1.562476158E-03,+846.093431E-06
+581.000E-09,+1.562476158E-03,+869.530932E-06
+582.000E-09,+1.562476158E-03,+846.093431E-06
+583.000E-09,+1.562476158E-03,+775.780931E-06
+584.000E-09,+1.562476158E-03,+799.218431E-06
+585.000E-09,+1.562476158E-03,+799.218431E-06
+586.000E-09,+585.913658E-06,+799.218431E-06
+587.000E-09,+3.515601158E-03,+775.780931E-06
+588.000E-09,-390.648842E-06,+775.780931E-06
+589.000E-09,+2.539038658E-03,+822.655931E-06
+590.000E-09,+2.539038658E-03,+822.655931E-06
+591.000E-09,+1.562476158E-03,+799.218431E-06
+592.000E-09,+585.913658E-06,+787.499681E-06
+593.000E-09,+585.913658E-06,+705.468430E-06
+594.000E-09,-390.648842E-06,+740.624680E-06
+595.000E-09,+2.539038658E-03,+752.343431E-06
+596.000E-09,+1.562476158E-03,+775.780931E-06
+597.000E-09,+2.539038658E-03,+775.780931E-06
+598.000E-09,+2.539038658E-03,+752.343431E-06
+599.000E-09,+585.913658E-06,+764.062181E-06
+600.000E-09,+2.539038658E-03,+717.187180E-06
+601.000E-09,+1.562476158E-03,+728.905930E-06
+602.000E-09,+2.539038658E-03,+728.905930E-06
+603.000E-09,+5.468726158E-03,+693.749680E-06
+604.000E-09,+3.515601158E-03,+705.468430E-06
+605.000E-09,+4.492163658E-03,+693.749680E-06
+606.000E-09,+4.492163658E-03,+728.905930E-06
+607.000E-09,+4.492163658E-03,+717.187180E-06
+608.000E-09,+1.562476158E-03,+717.187180E-06
+609.000E-09,+4.492163658E-03,+705.468430E-06
+610.000E-09,+3.515601158E-03,+693.749680E-06
+611.000E-09,+4.492163658E-03,+682.030930E-06
+612.000E-09,+3.515601158E-03,+658.593430E-06
+613.000E-09,+3.515601158E-03,+682.030930E-06
+614.000E-09,+4.492163658E-03,+717.187180E-06
+615.000E-09,+2.539038658E-03,+717.187180E-06
+616.000E-09,+2.539038658E-03,+752.343431E-06
+617.000E-09,+585.913658E-06,+787.499681E-06
+618.000E-09,+2.539038658E-03,+740.624680E-06
+619.000E-09,+2.539038658E-03,+728.905930E-06
+620.000E-09,+2.539038658E-03,+764.062181E-06
+621.000E-09,+585.913658E-06,+799.218431E-06
+622.000E-09,+2.539038658E-03,+857.812181E-06
+623.000E-09,+1.562476158E-03,+869.530932E-06
+624.000E-09,+585.913658E-06,+846.093431E-06
+625.000E-09,+1.562476158E-03,+834.374681E-06
+626.000E-09,+1.562476158E-03,+799.218431E-06
+627.000E-09,+2.539038658E-03,+799.218431E-06
+628.000E-09,+1.562476158E-03,+787.499681E-06
+629.000E-09,+1.562476158E-03,+799.218431E-06
+630.000E-09,+3.515601158E-03,+752.343431E-06
+631.000E-09,+1.562476158E-03,+717.187180E-06
+632.000E-09,+585.913658E-06,+717.187180E-06
+633.000E-09,+585.913658E-06,+705.468430E-06
+634.000E-09,-1.367211342E-03,+693.749680E-06
+635.000E-09,+2.539038658E-03,+740.624680E-06
+636.000E-09,-390.648842E-06,+728.905930E-06
+637.000E-09,-390.648842E-06,+764.062181E-06
+638.000E-09,+1.562476158E-03,+799.218431E-06
+639.000E-09,+585.913658E-06,+787.499681E-06
+640.000E-09,+2.539038658E-03,+810.937181E-06
+641.000E-09,+1.562476158E-03,+822.655931E-06
+642.000E-09,+3.515601158E-03,+822.655931E-06
+643.000E-09,+4.492163658E-03,+787.499681E-06
+644.000E-09,+5.468726158E-03,+740.624680E-06
+645.000E-09,+7.421851158E-03,+705.468430E-06
+646.000E-09,+10.351538658E-03,+717.187180E-06
+647.000E-09,+18.164038658E-03,+658.593430E-06
+648.000E-09,+27.929663658E-03,+482.812178E-06
+649.000E-09,+45.507788658E-03,+224.999676E-06
+650.000E-09,+67.968726158E-03,-67.969077E-06
+651.000E-09,+103.124976158E-03,-396.094079E-06
+652.000E-09,+140.234351158E-03,-794.531583E-06
+653.000E-09,+181.249976158E-03,-1.228125337E-03
+654.000E-09,+223.242163658E-03,-1.556250339E-03
+655.000E-09,+261.328101158E-03,-1.896094092E-03
+656.000E-09,+295.507788658E-03,-2.247656595E-03
+657.000E-09,+320.898413658E-03,-2.610937849E-03
+658.000E-09,+335.546851158E-03,-3.044531602E-03
+659.000E-09,+341.406226158E-03,-3.442969106E-03
+660.000E-09,+335.546851158E-03,-3.888281610E-03
+661.000E-09,+322.851538658E-03,-4.357031614E-03
+662.000E-09,+305.273413658E-03,-4.790625368E-03
+663.000E-09,+286.718726158E-03,-5.235937871E-03
+664.000E-09,+269.140601158E-03,-5.505469124E-03
+665.000E-09,+251.562476158E-03,-5.610937875E-03
+666.000E-09,+234.960913658E-03,-5.528906624E-03
+667.000E-09,+227.148413658E-03,-5.317969122E-03
+668.000E-09,+213.476538658E-03,-4.919531619E-03
+669.000E-09,+203.710913658E-03,-4.439062865E-03
+670.000E-09,+191.992163658E-03,-3.923437860E-03
+671.000E-09,+179.296851158E-03,-3.349219105E-03
+672.000E-09,+167.578101158E-03,-2.927344101E-03
+673.000E-09,+155.859351158E-03,-2.575781598E-03
+674.000E-09,+144.140601158E-03,-2.329687846E-03
+675.000E-09,+134.374976158E-03,-2.200781595E-03
+676.000E-09,+128.515601158E-03,-2.071875344E-03
+677.000E-09,+122.656226158E-03,-2.083594094E-03
+678.000E-09,+117.773413658E-03,-2.142187845E-03
+679.000E-09,+112.890601158E-03,-2.294531596E-03
+680.000E-09,+108.007788658E-03,-2.435156597E-03
+681.000E-09,+101.171851158E-03,-2.704687849E-03
+682.000E-09,+91.406226158E-03,-2.974219102E-03
+683.000E-09,+85.546851158E-03,-3.255469104E-03
+684.000E-09,+77.734351158E-03,-3.431250356E-03
+685.000E-09,+68.945288658E-03,-3.560156607E-03
+686.000E-09,+63.085913658E-03,-3.712500358E-03
+687.000E-09,+55.273413658E-03,-3.724219108E-03
+688.000E-09,+53.320288658E-03,-3.665625358E-03
+689.000E-09,+52.343726158E-03,-3.525000357E-03
+690.000E-09,+49.414038658E-03,-3.325781605E-03
+691.000E-09,+48.437476158E-03,-3.103125353E-03
+692.000E-09,+47.460913658E-03,-2.833594101E-03
+693.000E-09,+43.554663658E-03,-2.587500348E-03
+694.000E-09,+39.648413658E-03,-2.376562847E-03
+695.000E-09,+36.718726158E-03,-2.153906595E-03
+696.000E-09,+32.812476158E-03,-2.083594094E-03
+697.000E-09,+28.906226158E-03,-2.048437844E-03
+698.000E-09,+25.976538658E-03,-2.083594094E-03
+699.000E-09,+22.070288658E-03,-2.060156594E-03
+700.000E-09,+23.046851158E-03,-2.107031594E-03
+701.000E-09,+22.070288658E-03,-2.189062845E-03
+702.000E-09,+22.070288658E-03,-2.224219095E-03
+703.000E-09,+23.046851158E-03,-2.294531596E-03
+704.000E-09,+23.046851158E-03,-2.388281597E-03
+705.000E-09,+24.023413658E-03,-2.423437847E-03
+706.000E-09,+24.023413658E-03,-2.435156597E-03
+707.000E-09,+24.999976158E-03,-2.423437847E-03
+708.000E-09,+23.046851158E-03,-2.400000347E-03
+709.000E-09,+23.046851158E-03,-2.353125346E-03
+710.000E-09,+23.046851158E-03,-2.271094096E-03
+711.000E-09,+22.070288658E-03,-2.142187845E-03
+712.000E-09,+21.093726158E-03,-2.013281593E-03
+713.000E-09,+20.117163658E-03,-1.872656592E-03
+714.000E-09,+19.140601158E-03,-1.814062842E-03
+715.000E-09,+21.093726158E-03,-1.743750341E-03
+716.000E-09,+21.093726158E-03,-1.732031591E-03
+717.000E-09,+22.070288658E-03,-1.755469091E-03
+718.000E-09,+24.999976158E-03,-1.755469091E-03
+719.000E-09,+24.999976158E-03,-1.767187841E-03
+720.000E-09,+24.999976158E-03,-1.743750341E-03
+721.000E-09,+26.953101158E-03,-1.790625342E-03
+722.000E-09,+25.976538658E-03,-1.884375342E-03
+723.000E-09,+27.929663658E-03,-1.966406593E-03
+724.000E-09,+24.023413658E-03,-2.025000344E-03
+725.000E-09,+25.976538658E-03,-2.036719094E-03
+726.000E-09,+24.999976158E-03,-1.954687843E-03
+727.000E-09,+24.023413658E-03,-1.954687843E-03
+728.000E-09,+23.046851158E-03,-1.919531593E-03
+729.000E-09,+22.070288658E-03,-1.872656592E-03
+730.000E-09,+21.093726158E-03,-1.802344092E-03
+731.000E-09,+22.070288658E-03,-1.743750341E-03
+732.000E-09,+22.070288658E-03,-1.650000340E-03
+733.000E-09,+22.070288658E-03,-1.521094089E-03
+734.000E-09,+21.093726158E-03,-1.392187838E-03
+735.000E-09,+19.140601158E-03,-1.310156587E-03
+736.000E-09,+19.140601158E-03,-1.298437837E-03
+737.000E-09,+20.117163658E-03,-1.263281587E-03
+738.000E-09,+19.140601158E-03,-1.251562837E-03
+739.000E-09,+19.140601158E-03,-1.298437837E-03
+740.000E-09,+17.187476158E-03,-1.321875337E-03
+741.000E-09,+19.140601158E-03,-1.298437837E-03
+742.000E-09,+18.164038658E-03,-1.275000337E-03
+743.000E-09,+18.164038658E-03,-1.286719087E-03
+744.000E-09,+17.187476158E-03,-1.357031588E-03
+745.000E-09,+17.187476158E-03,-1.380469088E-03
+746.000E-09,+15.234351158E-03,-1.380469088E-03
+747.000E-09,+16.210913658E-03,-1.357031588E-03
+748.000E-09,+16.210913658E-03,-1.321875337E-03
+749.000E-09,+17.187476158E-03,-1.310156587E-03
+750.000E-09,+18.164038658E-03,-1.239844087E-03
+751.000E-09,+18.164038658E-03,-1.181250336E-03
+752.000E-09,+16.210913658E-03,-1.122656586E-03
+753.000E-09,+18.164038658E-03,-1.087500335E-03
+754.000E-09,+18.164038658E-03,-1.052344085E-03
+755.000E-09,+17.187476158E-03,-1.052344085E-03
+756.000E-09,+19.140601158E-03,-1.005469085E-03
+757.000E-09,+17.187476158E-03,-1.005469085E-03
+758.000E-09,+17.187476158E-03,-1.017187835E-03
+759.000E-09,+16.210913658E-03,-1.052344085E-03
+760.000E-09,+16.210913658E-03,-1.087500335E-03
+761.000E-09,+18.164038658E-03,-1.110937836E-03
+762.000E-09,+19.140601158E-03,-1.052344085E-03
+763.000E-09,+17.187476158E-03,-1.005469085E-03
+764.000E-09,+15.234351158E-03,-1.028906585E-03
+765.000E-09,+16.210913658E-03,-1.064062835E-03
+766.000E-09,+17.187476158E-03,-1.052344085E-03
+767.000E-09,+17.187476158E-03,-1.017187835E-03
+768.000E-09,+15.234351158E-03,-1.005469085E-03
+769.000E-09,+15.234351158E-03,-982.031584E-06
+770.000E-09,+13.281226158E-03,-900.000334E-06
+771.000E-09,+14.257788658E-03,-911.719084E-06
+772.000E-09,+15.234351158E-03,-888.281584E-06
+773.000E-09,+11.328101158E-03,-794.531583E-06
+774.000E-09,+11.328101158E-03,-735.937832E-06
+775.000E-09,+13.281226158E-03,-653.906582E-06
+776.000E-09,+11.328101158E-03,-583.594081E-06
+777.000E-09,+10.351538658E-03,-583.594081E-06
+778.000E-09,+12.304663658E-03,-595.312831E-06
+779.000E-09,+12.304663658E-03,-630.469081E-06
+780.000E-09,+12.304663658E-03,-618.750331E-06
+781.000E-09,+13.281226158E-03,-618.750331E-06
+782.000E-09,+12.304663658E-03,-642.187832E-06
+783.000E-09,+10.351538658E-03,-642.187832E-06
+784.000E-09,+10.351538658E-03,-630.469081E-06
+785.000E-09,+11.328101158E-03,-630.469081E-06
+786.000E-09,+9.374976158E-03,-571.875331E-06
+787.000E-09,+11.328101158E-03,-513.281580E-06
+788.000E-09,+9.374976158E-03,-513.281580E-06
+789.000E-09,+9.374976158E-03,-560.156581E-06
+790.000E-09,+11.328101158E-03,-583.594081E-06
+791.000E-09,+10.351538658E-03,-595.312831E-06
+792.000E-09,+11.328101158E-03,-583.594081E-06
+793.000E-09,+12.304663658E-03,-513.281580E-06
+794.000E-09,+10.351538658E-03,-501.562830E-06
+795.000E-09,+11.328101158E-03,-454.687830E-06
+796.000E-09,+10.351538658E-03,-466.406580E-06
+797.000E-09,+12.304663658E-03,-454.687830E-06
+798.000E-09,+13.281226158E-03,-442.969080E-06
+799.000E-09,+12.304663658E-03,-466.406580E-06
+800.000E-09,+11.328101158E-03,-466.406580E-06
+801.000E-09,+10.351538658E-03,-407.812830E-06
+802.000E-09,+9.374976158E-03,-384.375329E-06
+803.000E-09,+13.281226158E-03,-372.656579E-06
+804.000E-09,+11.328101158E-03,-396.094079E-06
+805.000E-09,+12.304663658E-03,-396.094079E-06
+806.000E-09,+11.328101158E-03,-372.656579E-06
+807.000E-09,+10.351538658E-03,-372.656579E-06
+808.000E-09,+9.374976158E-03,-314.062829E-06
+809.000E-09,+8.398413658E-03,-360.937829E-06
+810.000E-09,+9.374976158E-03,-349.219079E-06
+811.000E-09,+10.351538658E-03,-290.625328E-06
+812.000E-09,+11.328101158E-03,-267.187828E-06
+813.000E-09,+10.351538658E-03,-290.625328E-06
+814.000E-09,+12.304663658E-03,-243.750328E-06
+815.000E-09,+10.351538658E-03,-185.156578E-06
+816.000E-09,+10.351538658E-03,-161.719077E-06
+817.000E-09,+10.351538658E-03,-208.594078E-06
+818.000E-09,+9.374976158E-03,-173.437827E-06
+819.000E-09,+10.351538658E-03,-103.125327E-06
+820.000E-09,+9.374976158E-03,-67.969077E-06
+821.000E-09,+10.351538658E-03,-56.250326E-06
+822.000E-09,+9.374976158E-03,-67.969077E-06
+823.000E-09,+7.421851158E-03,-114.844077E-06
+824.000E-09,+10.351538658E-03,-114.844077E-06
+825.000E-09,+9.374976158E-03,-91.406577E-06
+826.000E-09,+8.398413658E-03,-91.406577E-06
+827.000E-09,+9.374976158E-03,-114.844077E-06
+828.000E-09,+8.398413658E-03,-114.844077E-06
+829.000E-09,+10.351538658E-03,-91.406577E-06
+830.000E-09,+10.351538658E-03,-67.969077E-06
+831.000E-09,+8.398413658E-03,-67.969077E-06
+832.000E-09,+8.398413658E-03,-91.406577E-06
+833.000E-09,+10.351538658E-03,-103.125327E-06
+834.000E-09,+9.374976158E-03,-56.250326E-06
+835.000E-09,+9.374976158E-03,-9.375326E-06
+836.000E-09,+10.351538658E-03,+2.343424E-06
+837.000E-09,+11.328101158E-03,-9.375326E-06
+838.000E-09,+10.351538658E-03,-44.531576E-06
+839.000E-09,+11.328101158E-03,-79.687827E-06
+840.000E-09,+9.374976158E-03,-21.094076E-06
+841.000E-09,+12.304663658E-03,-9.375326E-06
+842.000E-09,+10.351538658E-03,-32.812826E-06
+843.000E-09,+11.328101158E-03,-44.531576E-06
+844.000E-09,+9.374976158E-03,-21.094076E-06
+845.000E-09,+9.374976158E-03,+25.780924E-06
+846.000E-09,+11.328101158E-03,+37.499674E-06
+847.000E-09,+9.374976158E-03,+49.218424E-06
+848.000E-09,+8.398413658E-03,-9.375326E-06
+849.000E-09,+8.398413658E-03,+2.343424E-06
+850.000E-09,+8.398413658E-03,-32.812826E-06
+851.000E-09,+10.351538658E-03,+25.780924E-06
+852.000E-09,+11.328101158E-03,+37.499674E-06
+853.000E-09,+9.374976158E-03,+60.937175E-06
+854.000E-09,+9.374976158E-03,+49.218424E-06
+855.000E-09,+9.374976158E-03,+60.937175E-06
+856.000E-09,+9.374976158E-03,+60.937175E-06
+857.000E-09,+7.421851158E-03,+96.093425E-06
+858.000E-09,+9.374976158E-03,+107.812175E-06
+859.000E-09,+10.351538658E-03,+96.093425E-06
+860.000E-09,+7.421851158E-03,+60.937175E-06
+861.000E-09,+8.398413658E-03,+60.937175E-06
+862.000E-09,+11.328101158E-03,+107.812175E-06
+863.000E-09,+10.351538658E-03,+131.249675E-06
+864.000E-09,+11.328101158E-03,+119.530925E-06
+865.000E-09,+10.351538658E-03,+154.687175E-06
+866.000E-09,+10.351538658E-03,+142.968425E-06
+867.000E-09,+8.398413658E-03,+119.530925E-06
+868.000E-09,+7.421851158E-03,+96.093425E-06
+869.000E-09,+10.351538658E-03,+84.374675E-06
+870.000E-09,+8.398413658E-03,+131.249675E-06
+871.000E-09,+7.421851158E-03,+166.405925E-06
+872.000E-09,+8.398413658E-03,+142.968425E-06
+873.000E-09,+9.374976158E-03,+119.530925E-06
+874.000E-09,+10.351538658E-03,+142.968425E-06
+875.000E-09,+9.374976158E-03,+154.687175E-06
+876.000E-09,+10.351538658E-03,+119.530925E-06
+877.000E-09,+9.374976158E-03,+119.530925E-06
+878.000E-09,+8.398413658E-03,+154.687175E-06
+879.000E-09,+9.374976158E-03,+178.124676E-06
+880.000E-09,+10.351538658E-03,+236.718426E-06
+881.000E-09,+9.374976158E-03,+224.999676E-06
+882.000E-09,+7.421851158E-03,+189.843426E-06
+883.000E-09,+10.351538658E-03,+178.124676E-06
+884.000E-09,+8.398413658E-03,+201.562176E-06
+885.000E-09,+6.445288658E-03,+248.437176E-06
+886.000E-09,+10.351538658E-03,+236.718426E-06
+887.000E-09,+8.398413658E-03,+271.874676E-06
+888.000E-09,+10.351538658E-03,+271.874676E-06
+889.000E-09,+8.398413658E-03,+318.749677E-06
+890.000E-09,+10.351538658E-03,+330.468427E-06
+891.000E-09,+8.398413658E-03,+283.593427E-06
+892.000E-09,+8.398413658E-03,+295.312177E-06
+893.000E-09,+10.351538658E-03,+271.874676E-06
+894.000E-09,+9.374976158E-03,+271.874676E-06
+895.000E-09,+7.421851158E-03,+342.187177E-06
+896.000E-09,+7.421851158E-03,+318.749677E-06
+897.000E-09,+6.445288658E-03,+342.187177E-06
+898.000E-09,+6.445288658E-03,+353.905927E-06
+899.000E-09,+5.468726158E-03,+342.187177E-06
